Aaron, Aaryn, Abram, Bram, Abyl, Abel, Adam, Aedam, Adrian, Hadrian, Aiden, Aidyn, Alyx, Alix, Andres, Andrew, Andre, Angel, Anthony, Astin, Axel, Axyl, Benjamyn, Benjamin, Braddeus, Bradyn, Brynden, Brandyn, Bryne, Bryan, Bran, Calyb, Caleb, Camryn, Cam, Carliss, Cartyr, Cartus, Chirles, Charly, Conner, Cristian, Crystan, Damien, Damyn, Daniel, Dannel, Dann, Danny, David, Davyd, Diegon, Tiagon, Domnac, Dylan, Eli, Ely, Elias, Elyas, Elijah, Elijan, Emilian, Emynwell, Emmyn, Emmon, Eric, Eryc, Ethan, Athyn, Evan, Evyn, Ezran, Ezrus, Gabreil, Gabreal, Gael, Gayl, Gavyn, Gavin, Gray, Grasyn, Haddeus, Hudsen, Handyr, Hander, Harold, Haryld, Horus, Horace, Horyce, Hoseas, Huntyr, Han, Hynry, Henro, Iaen, Ian, Isaac, Isiah, Isaias, Ivaen, Ivan, Jacoby, Jacob, Jaeden, Jayden, Jak, Jyck, Jasyn, Jason, Jax, Jaxon, Jaymes, Iamus, Jestin, Yestin, John, Jonn, Jonath, Joathyn, Jorden, Jordyn, Joseth, Joeseph, Joshen, Goshen, Josyah, Josius, Jovan, Julian, Julyan, Kevin, Kevan, Lan, Alyn, Landon, Landyn, Lenus, Linus, Leon, Leo, Lynard, Levi, Levy, Liam, Logan, Lucan, Luc, Lucas, Lucyus, Louis, Lyncon, Lincus, Mason, Masyn, Mathew, Mattius, Matt, Maximer, Maximus, Michael, Migwell, Mither, Nathyn, Nathan, Nathynel, Nathanyel, Nicholus, Nik, Noam, Nolyn, Nolan, Olver, Olliver, Osco, Oscus, Oscar, Owyn, Owen, Remus, Jaeremy, Rian, Ryan, Robett, Robb, Roman, Romyn, Ryder, Samwell, Samuel, Sebasten, Bastien, Taegus, Santus, Theodor, Theodus, Thedoras, Thomys, Tommas, Tomm, Thom, Tophyr, Cristor, Tylor, Ty, Tylus, Victor, Vyctor, Vincent, Vyncent, Vynce, Wann, Wanny, Willam, Willem, Wytt, Xander, Alexander, Xavyer, Xavy, Havy, Zachaery, Zeke, Zeek, Ezekyel